[{"name":{"common":"Antigua and Barbuda","official":"Antigua and Barbuda","nativeName":{"eng":{"official":"Antigua and Barbuda","common":"Antigua and Barbuda"}}},"cca3":"ATG","currencies":{"XCD":{"name":"Eastern Caribbean dollar","symbol":"$"}},"capital":["Saint John's"],"region":"Americas"},{"name":{"common":"Bhutan","official":"Kingdom of Bhutan","nativeName":{"dzo":{"official":"འབྲུག་རྒྱལ་ཁབ་","common":"འབྲུག་ཡུལ་"}}},"cca3":"BTN","currencies":{"BTN":{"name":"Bhutanese ngultrum","symbol":"Nu."},"INR":{"name":"Indian rupee","symbol":"₹"}},"capital":["Thimphu"],"region":"Asia"},{"name":{"common":"Italy","official":"Italian Republic","nativeName":{"ita":{"official":"Repubblica italiana","common":"Italia"}}},"cca3":"ITA","currencies":{"EUR":{"name":"Euro","symbol":"€"}},"capital":["Rome"],"region":"Europe"},{"name":{"common":"Tuvalu","official":"Tuvalu","nativeName":{"eng":{"official":"Tuvalu","common":"Tuvalu"},"tvl":{"official":"Tuvalu","common":"Tuvalu"}}},"cca3":"TUV","currencies":{"AUD":{"name":"Australian dollar","symbol":"$"},"TVD":{"name":"Tuvaluan dollar","symbol":"$"}},"capital":["Funafuti"],"region":"Oceania"},{"name":{"common":"Anguilla","official":"Anguilla","nativeName":{"eng":{"official":"Anguilla","common":"Anguilla"}}},"cca3":"AIA","currencies":{"XCD":{"name":"Eastern Caribbean dollar","symbol":"$"}},"capital":["The Valley"],"region":"Americas"},{"name":{"common":"Australia","official":"Commonwealth of Australia","nativeName":{"eng":{"official":"Commonwealth of Australia","common":"Australia"}}},"cca3":"AUS","currencies":{"AUD":{"name":"Australian dollar","symbol":"$"}},"capital":["Canberra"],"region":"Oceania"},{"name":{"common":"Belize","official":"Belize","nativeName":{"bjz":{"official":"Belize","common":"Belize"},"eng":{"official":"Belize","common":"Belize"},"spa":{"official":"Belice","common":"Belice"}}},"cca3":"BLZ","currencies":{"BZD":{"name":"Belize dollar","symbol":"$"}},"capital":["Belmopan"],"region":"Americas"},{"name":{"common":"Vanuatu","official":"Republic of Vanuatu","nativeName":{"bis":{"official":"Ripablik blong Vanuatu","common":"Vanuatu"},"eng":{"official":"Republic of Vanuatu","common":"Vanuatu"},"fra":{"official":"République de Vanuatu","common":"Vanuatu"}}},"cca3":"VUT","currencies":{"VUV":{"name":"Vanuatu vatu","symbol":"Vt"}},"capital":["Port Vila"],"region":"Oceania"},{"name":{"common":"Belarus","official":"Republic of Belarus","nativeName":{"bel":{"official":"Рэспубліка Беларусь","common":"Белару́сь"},"rus":{"official":"Республика Беларусь","common":"Беларусь"}}},"cca3":"BLR","currencies":{"BYN":{"name":"Belarusian ruble","symbol":"Br"}},"capital":["Minsk"],"region":"Europe"},{"name":{"common":"Mauritius","official":"Republic of Mauritius","nativeName":{"eng":{"official":"Republic of Mauritius","common":"Mauritius"},"fra":{"official":"République de Maurice","common":"Maurice"},"mfe":{"official":"Republik Moris","common":"Moris"}}},"cca3":"MUS","currencies":{"MUR":{"name":"Mauritian rupee","symbol":"₨"}},"capital":["Port Louis"],"region":"Africa"},{"name":{"common":"Laos","official":"Lao People's Democratic Republic","nativeName":{"lao":{"official":"ສາທາລະນະ ຊາທິປະໄຕ ຄົນລາວ ຂອງ","common":"ສປປລາວ"}}},"cca3":"LAO","currencies":{"LAK":{"name":"Lao kip","symbol":"₭"}},"capital":["Vientiane"],"region":"Asia"},{"name":{"common":"Senegal","official":"Republic of Senegal","nativeName":{"fra":{"official":"République du Sénégal","common":"Sénégal"}}},"cca3":"SEN","currencies":{"XOF":{"name":"West African CFA franc","symbol":"Fr"}},"capital":["Dakar"],"region":"Africa"},{"name":{"common":"Turkey","official":"Republic of Turkey","nativeName":{"tur":{"official":"Türkiye Cumhuriyeti","common":"Türkiye"}}},"cca3":"TUR","currencies":{"TRY":{"name":"Turkish lira","symbol":"₺"}},"capital":["Ankara"],"region":"Asia"},{"name":{"common":"Bolivia","official":"Plurinational State of Bolivia","nativeName":{"aym":{"official":"Wuliwya Suyu","common":"Wuliwya"},"grn":{"official":"Tetã Volívia","common":"Volívia"},"que":{"official":"Buliwya Mamallaqta","common":"Buliwya"},"spa":{"official":"Estado Plurinacional de Bolivia","common":"Bolivia"}}},"cca3":"BOL","currencies":{"BOB":{"name":"Bolivian boliviano","symbol":"Bs."}},"capital":["Sucre"],"region":"Americas"},{"name":{"common":"Sri Lanka","official":"Democratic Socialist Republic of Sri Lanka","nativeName":{"sin":{"official":"ශ්‍රී ලංකා ප්‍රජාතාන්ත්‍රික සමාජවාදී ජනරජය","common":"ශ්‍රී ලංකාව"},"tam":{"official":"இலங்கை சனநாயக சோசலிசக் குடியரசு","common":"இலங்கை"}}},"cca3":"LKA","currencies":{"LKR":{"name":"Sri Lankan rupee","symbol":"Rs  රු"}},"capital":["Sri Jayawardenepura Kotte"],"region":"Asia"},{"name":{"common":"Norfolk Island","official":"Territory of Norfolk Island","nativeName":{"eng":{"official":"Territory of Norfolk Island","common":"Norfolk Island"},"pih":{"official":"Teratri of Norf'k Ailen","common":"Norf'k Ailen"}}},"cca3":"NFK","currencies":{"AUD":{"name":"Australian dollar","symbol":"$"}},"capital":["Kingston"],"region":"Oceania"},{"name":{"common":"China","official":"People's Republic of China","nativeName":{"zho":{"official":"中华人民共和国","common":"中国"}}},"cca3":"CHN","currencies":{"CNY":{"name":"Chinese yuan","symbol":"¥"}},"capital":["Beijing"],"region":"Asia"},{"name":{"common":"Caribbean Netherlands","official":"Bonaire, Sint Eustatius and Saba","nativeName":{"nld":{"official":"Bonaire, Sint Eustatius en Saba","common":"Caribisch Nederland"},"pap":{"official":"Boneiru, Sint Eustatius y Saba","common":"Boneiru, Sint Eustatius y Saba"}}},"cca3":"BES","currencies":{"USD":{"name":"United States dollar","symbol":"$"}},"capital":["Kralendijk"],"region":"Americas"},{"name":{"common":"Guernsey","official":"Bailiwick of Guernsey","nativeName":{"eng":{"official":"Bailiwick of Guernsey","common":"Guernsey"},"fra":{"official":"Bailliage de Guernesey","common":"Guernesey"},"nfr":{"official":"Dgèrnésiais","common":"Dgèrnésiais"}}},"cca3":"GGY","currencies":{"GBP":{"name":"British pound","symbol":"£"},"GGP":{"name":"Guernsey pound","symbol":"£"}},"capital":["St. Peter Port"],"region":"Europe"},{"name":{"common":"Sudan","official":"Republic of the Sudan","nativeName":{"ara":{"official":"جمهورية السودان","common":"السودان"},"eng":{"official":"Republic of the Sudan","common":"Sudan"}}},"cca3":"SDN","currencies":{"SDG":{"name":"Sudanese pound","symbol":"ج.س"}},"capital":["Khartoum"],"region":"Africa"},{"name":{"common":"Mayotte","official":"Department of Mayotte","nativeName":{"fra":{"official":"Département de Mayotte","common":"Mayotte"}}},"cca3":"MYT","currencies":{"EUR":{"name":"Euro","symbol":"€"}},"capital":["Mamoudzou"],"region":"Africa"},{"name":{"common":"Saint Barthélemy","official":"Collectivity of Saint Barthélemy","nativeName":{"fra":{"official":"Collectivité de Saint-Barthélemy","common":"Saint-Barthélemy"}}},"cca3":"BLM","currencies":{"EUR":{"name":"Euro","symbol":"€"}},"capital":["Gustavia"],"region":"Americas"},{"name":{"common":"Vatican City","official":"Vatican City State","nativeName":{"ita":{"official":"Stato della Città del Vaticano","common":"Vaticano"},"lat":{"official":"Status Civitatis Vaticanæ","common":"Vaticanæ"}}},"cca3":"VAT","currencies":{"EUR":{"name":"Euro","symbol":"€"}},"capital":["Vatican City"],"region":"Europe"},{"name":{"common":"Turks and Caicos Islands","official":"Turks and Caicos Islands","nativeName":{"eng":{"official":"Turks and Caicos Islands","common":"Turks and Caicos Islands"}}},"cca3":"TCA","currencies":{"USD":{"name":"United States dollar","symbol":"$"}},"capital":["Cockburn Town"],"region":"Americas"},{"name":{"common":"Curaçao","official":"Country of Curaçao","nativeName":{"eng":{"official":"Country of Curaçao","common":"Curaçao"},"nld":{"official":"Land Curaçao","common":"Curaçao"},"pap":{"official":"Pais Kòrsou","common":"Pais Kòrsou"}}},"cca3":"CUW","currencies":{"ANG":{"name":"Netherlands Antillean guilder","symbol":"ƒ"}},"capital":["Willemstad"],"region":"Americas"},{"name":{"common":"Botswana","official":"Republic of Botswana","nativeName":{"eng":{"official":"Republic of Botswana","common":"Botswana"},"tsn":{"official":"Lefatshe la Botswana","common":"Botswana"}}},"cca3":"BWA","currencies":{"BWP":{"name":"Botswana pula","symbol":"P"}},"capital":["Gaborone"],"region":"Africa"},{"name":{"common":"Benin","official":"Republic of Benin","nativeName":{"fra":{"official":"République du Bénin","common":"Bénin"}}},"cca3":"BEN","currencies":{"XOF":{"name":"West African CFA franc","symbol":"Fr"}},"capital":["Porto-Novo"],"region":"Africa"},{"name":{"common":"Lithuania","official":"Republic of Lithuania","nativeName":{"lit":{"official":"Lietuvos Respublikos","common":"Lietuva"}}},"cca3":"LTU","currencies":{"EUR":{"name":"Euro","symbol":"€"}},"capital":["Vilnius"],"region":"Europe"},{"name":{"common":"Montserrat","official":"Montserrat","nativeName":{"eng":{"official":"Montserrat","common":"Montserrat"}}},"cca3":"MSR","currencies":{"XCD":{"name":"Eastern Caribbean dollar","symbol":"$"}},"capital":["Plymouth"],"region":"Americas"},{"name":{"common":"British Virgin Islands","official":"Virgin Islands","nativeName":{"eng":{"official":"Virgin Islands","common":"British Virgin Islands"}}},"cca3":"VGB","currencies":{"USD":{"name":"United States dollar","symbol":"$"}},"capital":["Road Town"],"region":"Americas"},{"name":{"common":"Burundi","official":"Republic of Burundi","nativeName":{"fra":{"official":"République du Burundi","common":"Burundi"},"run":{"official":"Republika y'Uburundi ","common":"Uburundi"}}},"cca3":"BDI","currencies":{"BIF":{"name":"Burundian franc","symbol":"Fr"}},"capital":["Gitega"],"region":"Africa"},{"name":{"common":"United States Minor Outlying Islands","official":"United States Minor Outlying Islands","nativeName":{"eng":{"official":"United States Minor Outlying Islands","common":"United States Minor Outlying Islands"}}},"cca3":"UMI","currencies":{"USD":{"name":"United States dollar","symbol":"$"}},"capital":["Washington DC"],"region":"Americas"},{"name":{"common":"Ireland","official":"Republic of Ireland","nativeName":{"eng":{"official":"Republic of Ireland","common":"Ireland"},"gle":{"official":"Poblacht na hÉireann","common":"Éire"}}},"cca3":"IRL","currencies":{"EUR":{"name":"Euro","symbol":"€"}},"capital":["Dublin"],"region":"Europe"},{"name":{"common":"Solomon Islands","official":"Solomon Islands","nativeName":{"eng":{"official":"Solomon Islands","common":"Solomon Islands"}}},"cca3":"SLB","currencies":{"SBD":{"name":"Solomon Islands dollar","symbol":"$"}},"capital":["Honiara"],"region":"Oceania"},{"name":{"common":"Bermuda","official":"Bermuda","nativeName":{"eng":{"official":"Bermuda","common":"Bermuda"}}},"cca3":"BMU","currencies":{"BMD":{"name":"Bermudian dollar","symbol":"$"}},"capital":["Hamilton"],"region":"Americas"},{"name":{"common":"Finland","official":"Republic of Finland","nativeName":{"fin":{"official":"Suomen tasavalta","common":"Suomi"},"swe":{"official":"Republiken Finland","common":"Finland"}}},"cca3":"FIN","currencies":{"EUR":{"name":"Euro","symbol":"€"}},"capital":["Helsinki"],"region":"Europe"},{"name":{"common":"Peru","official":"Republic of Peru","nativeName":{"aym":{"official":"Piruw Suyu","common":"Piruw"},"que":{"official":"Piruw Ripuwlika","common":"Piruw"},"spa":{"official":"República del Perú","common":"Perú"}}},"cca3":"PER","currencies":{"PEN":{"name":"Peruvian sol","symbol":"S/ "}},"capital":["Lima"],"region":"Americas"},{"name":{"common":"Bangladesh","official":"People's Republic of Bangladesh","nativeName":{"ben":{"official":"বাংলাদেশ গণপ্রজাতন্ত্রী","common":"বাংলাদেশ"}}},"cca3":"BGD","currencies":{"BDT":{"name":"Bangladeshi taka","symbol":"৳"}},"capital":["Dhaka"],"region":"Asia"},{"name":{"common":"Denmark","official":"Kingdom of Denmark","nativeName":{"dan":{"official":"Kongeriget Danmark","common":"Danmark"}}},"cca3":"DNK","currencies":{"DKK":{"name":"Danish krone","symbol":"kr"}},"capital":["Copenhagen"],"region":"Europe"},{"name":{"common":"Saint Vincent and the Grenadines","official":"Saint Vincent and the Grenadines","nativeName":{"eng":{"official":"Saint Vincent and the Grenadines","common":"Saint Vincent and the Grenadines"}}},"cca3":"VCT","currencies":{"XCD":{"name":"Eastern Caribbean dollar","symbol":"$"}},"capital":["Kingstown"],"region":"Americas"},{"name":{"common":"Dominican Republic","official":"Dominican Republic","nativeName":{"spa":{"official":"República Dominicana","common":"República Dominicana"}}},"cca3":"DOM","currencies":{"DOP":{"name":"Dominican peso","symbol":"$"}},"capital":["Santo Domingo"],"region":"Americas"},{"name":{"common":"Moldova","official":"Republic of Moldova","nativeName":{"ron":{"official":"Republica Moldova","common":"Moldova"}}},"cca3":"MDA","currencies":{"MDL":{"name":"Moldovan leu","symbol":"L"}},"capital":["Chișinău"],"region":"Europe"},{"name":{"common":"Bulgaria","official":"Republic of Bulgaria","nativeName":{"bul":{"official":"Република България","common":"България"}}},"cca3":"BGR","currencies":{"BGN":{"name":"Bulgarian lev","symbol":"лв"}},"capital":["Sofia"],"region":"Europe"},{"name":{"common":"Costa Rica","official":"Republic of Costa Rica","nativeName":{"spa":{"official":"República de Costa Rica","common":"Costa Rica"}}},"cca3":"CRI","currencies":{"CRC":{"name":"Costa Rican colón","symbol":"₡"}},"capital":["San José"],"region":"Americas"},{"name":{"common":"Namibia","official":"Republic of Namibia","nativeName":{"afr":{"official":"Republiek van Namibië","common":"Namibië"},"deu":{"official":"Republik Namibia","common":"Namibia"},"eng":{"official":"Republic of Namibia","common":"Namibia"},"her":{"official":"Republic of Namibia","common":"Namibia"},"hgm":{"official":"Republic of Namibia","common":"Namibia"},"kwn":{"official":"Republic of Namibia","common":"Namibia"},"loz":{"official":"Republic of Namibia","common":"Namibia"},"ndo":{"official":"Republic of Namibia","common":"Namibia"},"tsn":{"official":"Lefatshe la Namibia","common":"Namibia"}}},"cca3":"NAM","currencies":{"NAD":{"name":"Namibian dollar","symbol":"$"},"ZAR":{"name":"South African rand","symbol":"R"}},"capital":["Windhoek"],"region":"Africa"},{"name":{"common":"Svalbard and Jan Mayen","official":"Svalbard og Jan Mayen","nativeName":{"nor":{"official":"Svalbard og Jan Mayen","common":"Svalbard og Jan Mayen"}}},"cca3":"SJM","currencies":{"NOK":{"name":"krone","symbol":"kr"}},"capital":["Longyearbyen"],"region":"Europe"},{"name":{"common":"Luxembourg","official":"Grand Duchy of Luxembourg","nativeName":{"deu":{"official":"Großherzogtum Luxemburg","common":"Luxemburg"},"fra":{"official":"Grand-Duché de Luxembourg","common":"Luxembourg"},"ltz":{"official":"Groussherzogtum Lëtzebuerg","common":"Lëtzebuerg"}}},"cca3":"LUX","currencies":{"EUR":{"name":"Euro","symbol":"€"}},"capital":["Luxembourg"],"region":"Europe"},{"name":{"common":"Russia","official":"Russian Federation","nativeName":{"rus":{"official":"Российская Федерация","common":"Россия"}}},"cca3":"RUS","currencies":{"RUB":{"name":"Russian ruble","symbol":"₽"}},"capital":["Moscow"],"region":"Europe"},{"name":{"common":"United Arab Emirates","official":"United Arab Emirates","nativeName":{"ara":{"official":"الإمارات العربية المتحدة","common":"دولة الإمارات العربية المتحدة"}}},"cca3":"ARE","currencies":{"AED":{"name":"United Arab Emirates dirham","symbol":"د.إ"}},"capital":["Abu Dhabi"],"region":"Asia"},{"name":{"common":"Sint Maarten","official":"Sint Maarten","nativeName":{"eng":{"official":"Sint Maarten","common":"Sint Maarten"},"fra":{"official":"Saint-Martin","common":"Saint-Martin"},"nld":{"official":"Sint Maarten","common":"Sint Maarten"}}},"cca3":"SXM","currencies":{"ANG":{"name":"Netherlands Antillean guilder","symbol":"ƒ"}},"capital":["Philipsburg"],"region":"Americas"},{"name":{"common":"Bahamas","official":"Commonwealth of the Bahamas","nativeName":{"eng":{"official":"Commonwealth of the Bahamas","common":"Bahamas"}}},"cca3":"BHS","currencies":{"BSD":{"name":"Bahamian dollar","symbol":"$"},"USD":{"name":"United States dollar","symbol":"$"}},"capital":["Nassau"],"region":"Americas"},{"name":{"common":"Japan","official":"Japan","nativeName":{"jpn":{"official":"日本","common":"日本"}}},"cca3":"JPN","currencies":{"JPY":{"name":"Japanese yen","symbol":"¥"}},"capital":["Tokyo"],"region":"Asia"},{"name":{"common":"Nigeria","official":"Federal Republic of Nigeria","nativeName":{"eng":{"official":"Federal Republic of Nigeria","common":"Nigeria"}}},"cca3":"NGA","currencies":{"NGN":{"name":"Nigerian naira","symbol":"₦"}},"capital":["Abuja"],"region":"Africa"},{"name":{"common":"Ghana","official":"Republic of Ghana","nativeName":{"eng":{"official":"Republic of Ghana","common":"Ghana"}}},"cca3":"GHA","currencies":{"GHS":{"name":"Ghanaian cedi","symbol":"₵"}},"capital":["Accra"],"region":"Africa"},{"name":{"common":"Sierra Leone","official":"Republic of Sierra Leone","nativeName":{"eng":{"official":"Republic of Sierra Leone","common":"Sierra Leone"}}},"cca3":"SLE","currencies":{"SLE":{"name":"Leone","symbol":"Le"}},"capital":["Freetown"],"region":"Africa"},{"name":{"common":"Saint Pierre and Miquelon","official":"Saint Pierre and Miquelon","nativeName":{"fra":{"official":"Collectivité territoriale de Saint-Pierre-et-Miquelon","common":"Saint-Pierre-et-Miquelon"}}},"cca3":"SPM","currencies":{"EUR":{"name":"Euro","symbol":"€"}},"capital":["Saint-Pierre"],"region":"Americas"},{"name":{"common":"Albania","official":"Republic of Albania","nativeName":{"sqi":{"official":"Republika e Shqipërisë","common":"Shqipëria"}}},"cca3":"ALB","currencies":{"ALL":{"name":"Albanian lek","symbol":"L"}},"capital":["Tirana"],"region":"Europe"},{"name":{"common":"Tokelau","official":"Tokelau","nativeName":{"eng":{"official":"Tokelau","common":"Tokelau"},"smo":{"official":"Tokelau","common":"Tokelau"},"tkl":{"official":"Tokelau","common":"Tokelau"}}},"cca3":"TKL","currencies":{"NZD":{"name":"New Zealand dollar","symbol":"$"}},"capital":["Fakaofo"],"region":"Oceania"},{"name":{"common":"Saint Helena, Ascension and Tristan da Cunha","official":"Saint Helena, Ascension and Tristan da Cunha","nativeName":{"eng":{"official":"Saint Helena, Ascension and Tristan da Cunha","common":"Saint Helena, Ascension and Tristan da Cunha"}}},"cca3":"SHN","currencies":{"GBP":{"name":"Pound sterling","symbol":"£"},"SHP":{"name":"Saint Helena pound","symbol":"£"}},"capital":["Jamestown"],"region":"Africa"},{"name":{"common":"Tonga","official":"Kingdom of Tonga","nativeName":{"eng":{"official":"Kingdom of Tonga","common":"Tonga"},"ton":{"official":"Kingdom of Tonga","common":"Tonga"}}},"cca3":"TON","currencies":{"TOP":{"name":"Tongan paʻanga","symbol":"T$"}},"capital":["Nuku'alofa"],"region":"Oceania"},{"name":{"common":"Turkmenistan","official":"Turkmenistan","nativeName":{"rus":{"official":"Туркменистан","common":"Туркмения"},"tuk":{"official":"Türkmenistan","common":"Türkmenistan"}}},"cca3":"TKM","currencies":{"TMT":{"name":"Turkmenistan manat","symbol":"m"}},"capital":["Ashgabat"],"region":"Asia"},{"name":{"common":"Djibouti","official":"Republic of Djibouti","nativeName":{"ara":{"official":"جمهورية جيبوتي","common":"جيبوتي‎"},"fra":{"official":"République de Djibouti","common":"Djibouti"}}},"cca3":"DJI","currencies":{"DJF":{"name":"Djiboutian franc","symbol":"Fr"}},"capital":["Djibouti"],"region":"Africa"},{"name":{"common":"Central African Republic","official":"Central African Republic","nativeName":{"fra":{"official":"République centrafricaine","common":"République centrafricaine"},"sag":{"official":"Ködörösêse tî Bêafrîka","common":"Bêafrîka"}}},"cca3":"CAF","currencies":{"XAF":{"name":"Central African CFA franc","symbol":"Fr"}},"capital":["Bangui"],"region":"Africa"},{"name":{"common":"Lebanon","official":"Lebanese Republic","nativeName":{"ara":{"official":"الجمهورية اللبنانية","common":"لبنان"},"fra":{"official":"République libanaise","common":"Liban"}}},"cca3":"LBN","currencies":{"LBP":{"name":"Lebanese pound","symbol":"ل.ل"}},"capital":["Beirut"],"region":"Asia"},{"name":{"common":"Latvia","official":"Republic of Latvia","nativeName":{"lav":{"official":"Latvijas Republikas","common":"Latvija"}}},"cca3":"LVA","currencies":{"EUR":{"name":"Euro","symbol":"€"}},"capital":["Riga"],"region":"Europe"},{"name":{"common":"Cocos (Keeling) Islands","official":"Territory of the Cocos (Keeling) Islands","nativeName":{"eng":{"official":"Territory of the Cocos (Keeling) Islands","common":"Cocos (Keeling) Islands"}}},"cca3":"CCK","currencies":{"AUD":{"name":"Australian dollar","symbol":"$"}},"capital":["West Island"],"region":"Oceania"},{"name":{"common":"Gambia","official":"Republic of the Gambia","nativeName":{"eng":{"official":"Republic of the Gambia","common":"Gambia"}}},"cca3":"GMB","currencies":{"GMD":{"name":"dalasi","symbol":"D"}},"capital":["Banjul"],"region":"Africa"},{"name":{"common":"Honduras","official":"Republic of Honduras","nativeName":{"spa":{"official":"República de Honduras","common":"Honduras"}}},"cca3":"HND","currencies":{"HNL":{"name":"Honduran lempira","symbol":"L"}},"capital":["Tegucigalpa"],"region":"Americas"},{"name":{"common":"Niue","official":"Niue","nativeName":{"eng":{"official":"Niue","common":"Niue"},"niu":{"official":"Niuē","common":"Niuē"}}},"cca3":"NIU","currencies":{"NZD":{"name":"New Zealand dollar","symbol":"$"}},"capital":["Alofi"],"region":"Oceania"},{"name":{"common":"Mauritania","official":"Islamic Republic of Mauritania","nativeName":{"ara":{"official":"الجمهورية الإسلامية الموريتانية","common":"موريتانيا"}}},"cca3":"MRT","currencies":{"MRU":{"name":"Mauritanian ouguiya","symbol":"UM"}},"capital":["Nouakchott"],"region":"Africa"},{"name":{"common":"Kosovo","official":"Republic of Kosovo","nativeName":{"sqi":{"official":"Republika e Kosovës","common":"Kosova"},"srp":{"official":"Република Косово","common":"Косово"}}},"cca3":"UNK","currencies":{"EUR":{"name":"Euro","symbol":"€"}},"capital":["Pristina"],"region":"Europe"},{"name":{"common":"Wallis and Futuna","official":"Territory of the Wallis and Futuna Islands","nativeName":{"fra":{"official":"Territoire des îles Wallis et Futuna","common":"Wallis et Futuna"}}},"cca3":"WLF","currencies":{"XPF":{"name":"CFP franc","symbol":"₣"}},"capital":["Mata-Utu"],"region":"Oceania"},{"name":{"common":"South Georgia","official":"South Georgia and the South Sandwich Islands","nativeName":{"eng":{"official":"South Georgia and the South Sandwich Islands","common":"South Georgia"}}},"cca3":"SGS","currencies":{"GBP":{"name":"British pound","symbol":"£"}},"capital":["King Edward Point"],"region":"Antarctic"},{"name":{"common":"French Polynesia","official":"French Polynesia","nativeName":{"fra":{"official":"Polynésie française","common":"Polynésie française"}}},"cca3":"PYF","currencies":{"XPF":{"name":"CFP franc","symbol":"₣"}},"capital":["Papeetē"],"region":"Oceania"},{"name":{"common":"Togo","official":"Togolese Republic","nativeName":{"fra":{"official":"République togolaise","common":"Togo"}}},"cca3":"TGO","currencies":{"XOF":{"name":"West African CFA franc","symbol":"Fr"}},"capital":["Lomé"],"region":"Africa"},{"name":{"common":"Belgium","official":"Kingdom of Belgium","nativeName":{"deu":{"official":"Königreich Belgien","common":"Belgien"},"fra":{"official":"Royaume de Belgique","common":"Belgique"},"nld":{"official":"Koninkrijk België","common":"België"}}},"cca3":"BEL","currencies":{"EUR":{"name":"Euro","symbol":"€"}},"capital":["Brussels"],"region":"Europe"},{"name":{"common":"Zambia","official":"Republic of Zambia","nativeName":{"eng":{"official":"Republic of Zambia","common":"Zambia"}}},"cca3":"ZMB","currencies":{"ZMW":{"name":"Zambian kwacha","symbol":"ZK"}},"capital":["Lusaka"],"region":"Africa"},{"name":{"common":"Cayman Islands","official":"Cayman Islands","nativeName":{"eng":{"official":"Cayman Islands","common":"Cayman Islands"}}},"cca3":"CYM","currencies":{"KYD":{"name":"Cayman Islands dollar","symbol":"$"}},"capital":["George Town"],"region":"Americas"},{"name":{"common":"Pitcairn Islands","official":"Pitcairn Group of Islands","nativeName":{"eng":{"official":"Pitcairn Group of Islands","common":"Pitcairn Islands"}}},"cca3":"PCN","currencies":{"NZD":{"name":"New Zealand dollar","symbol":"$"}},"capital":["Adamstown"],"region":"Oceania"},{"name":{"common":"Cook Islands","official":"Cook Islands","nativeName":{"eng":{"official":"Cook Islands","common":"Cook Islands"},"rar":{"official":"Kūki 'Āirani","common":"Kūki 'Āirani"}}},"cca3":"COK","currencies":{"CKD":{"name":"Cook Islands dollar","symbol":"$"},"NZD":{"name":"New Zealand dollar","symbol":"$"}},"capital":["Avarua"],"region":"Oceania"},{"name":{"common":"Madagascar","official":"Republic of Madagascar","nativeName":{"fra":{"official":"République de Madagascar","common":"Madagascar"},"mlg":{"official":"Repoblikan'i Madagasikara","common":"Madagasikara"}}},"cca3":"MDG","currencies":{"MGA":{"name":"Malagasy ariary","symbol":"Ar"}},"capital":["Antananarivo"],"region":"Africa"},{"name":{"common":"Montenegro","official":"Montenegro","nativeName":{"cnr":{"official":"Црна Гора","common":"Црна Гора"}}},"cca3":"MNE","currencies":{"EUR":{"name":"Euro","symbol":"€"}},"capital":["Podgorica"],"region":"Europe"},{"name":{"common":"South Korea","official":"Republic of Korea","nativeName":{"kor":{"official":"대한민국","common":"한국"}}},"cca3":"KOR","currencies":{"KRW":{"name":"South Korean won","symbol":"₩"}},"capital":["Seoul"],"region":"Asia"},{"name":{"common":"Ethiopia","official":"Federal Democratic Republic of Ethiopia","nativeName":{"amh":{"official":"የኢትዮጵያ ፌዴራላዊ ዲሞክራሲያዊ ሪፐብሊክ","common":"ኢትዮጵያ"}}},"cca3":"ETH","currencies":{"ETB":{"name":"Ethiopian birr","symbol":"Br"}},"capital":["Addis Ababa"],"region":"Africa"},{"name":{"common":"Mongolia","official":"Mongolia","nativeName":{"mon":{"official":"Монгол улс","common":"Монгол улс"}}},"cca3":"MNG","currencies":{"MNT":{"name":"Mongolian tögrög","symbol":"₮"}},"capital":["Ulan Bator"],"region":"Asia"},{"name":{"common":"Slovakia","official":"Slovak Republic","nativeName":{"slk":{"official":"Slovenská republika","common":"Slovensko"}}},"cca3":"SVK","currencies":{"EUR":{"name":"Euro","symbol":"€"}},"capital":["Bratislava"],"region":"Europe"},{"name":{"common":"Cuba","official":"Republic of Cuba","nativeName":{"spa":{"official":"República de Cuba","common":"Cuba"}}},"cca3":"CUB","currencies":{"CUC":{"name":"Cuban convertible peso","symbol":"$"},"CUP":{"name":"Cuban peso","symbol":"$"}},"capital":["Havana"],"region":"Americas"},{"name":{"common":"Antarctica","official":"Antarctica","nativeName":{}},"cca3":"ATA","currencies":{},"capital":[],"region":"Antarctic"},{"name":{"common":"Guatemala","official":"Republic of Guatemala","nativeName":{"spa":{"official":"República de Guatemala","common":"Guatemala"}}},"cca3":"GTM","currencies":{"GTQ":{"name":"Guatemalan quetzal","symbol":"Q"}},"capital":["Guatemala City"],"region":"Americas"},{"name":{"common":"French Guiana","official":"Guiana","nativeName":{"fra":{"official":"Guyane","common":"Guyane française"}}},"cca3":"GUF","currencies":{"EUR":{"name":"Euro","symbol":"€"}},"capital":["Cayenne"],"region":"Americas"},{"name":{"common":"Norway","official":"Kingdom of Norway","nativeName":{"nno":{"official":"Kongeriket Noreg","common":"Noreg"},"nob":{"official":"Kongeriket Norge","common":"Norge"},"smi":{"official":"Norgga gonagasriika","common":"Norgga"}}},"cca3":"NOR","currencies":{"NOK":{"name":"Norwegian krone","symbol":"kr"}},"capital":["Oslo"],"region":"Europe"},{"name":{"common":"Grenada","official":"Grenada","nativeName":{"eng":{"official":"Grenada","common":"Grenada"}}},"cca3":"GRD","currencies":{"XCD":{"name":"Eastern Caribbean dollar","symbol":"$"}},"capital":["St. George's"],"region":"Americas"},{"name":{"common":"Réunion","official":"Réunion Island","nativeName":{"fra":{"official":"Ile de la Réunion","common":"La Réunion"}}},"cca3":"REU","currencies":{"EUR":{"name":"Euro","symbol":"€"}},"capital":["Saint-Denis"],"region":"Africa"},{"name":{"common":"Chile","official":"Republic of Chile","nativeName":{"spa":{"official":"República de Chile","common":"Chile"}}},"cca3":"CHL","currencies":{"CLP":{"name":"Chilean peso","symbol":"$"}},"capital":["Santiago"],"region":"Americas"},{"name":{"common":"Colombia","official":"Republic of Colombia","nativeName":{"spa":{"official":"República de Colombia","common":"Colombia"}}},"cca3":"COL","currencies":{"COP":{"name":"Colombian peso","symbol":"$"}},"capital":["Bogotá"],"region":"Americas"},{"name":{"common":"Saudi Arabia","official":"Kingdom of Saudi Arabia","nativeName":{"ara":{"official":"المملكة العربية السعودية","common":"العربية السعودية"}}},"cca3":"SAU","currencies":{"SAR":{"name":"Saudi riyal","symbol":"ر.س"}},"capital":["Riyadh"],"region":"Asia"},{"name":{"common":"Israel","official":"State of Israel","nativeName":{"ara":{"official":"دولة إسرائيل","common":"إسرائيل"},"heb":{"official":"מדינת ישראל","common":"ישראל"}}},"cca3":"ISR","currencies":{"ILS":{"name":"Israeli new shekel","symbol":"₪"}},"capital":["Jerusalem"],"region":"Asia"},{"name":{"common":"Germany","official":"Federal Republic of Germany","nativeName":{"deu":{"official":"Bundesrepublik Deutschland","common":"Deutschland"}}},"cca3":"DEU","currencies":{"EUR":{"name":"Euro","symbol":"€"}},"capital":["Berlin"],"region":"Europe"},{"name":{"common":"New Zealand","official":"New Zealand","nativeName":{"eng":{"official":"New Zealand","common":"New Zealand"},"mri":{"official":"Aotearoa","common":"Aotearoa"},"nzs":{"official":"New Zealand","common":"New Zealand"}}},"cca3":"NZL","currencies":{"NZD":{"name":"New Zealand dollar","symbol":"$"}},"capital":["Wellington"],"region":"Oceania"},{"name":{"common":"Greenland","official":"Greenland","nativeName":{"kal":{"official":"Kalaallit Nunaat","common":"Kalaallit Nunaat"}}},"cca3":"GRL","currencies":{"DKK":{"name":"krone","symbol":"kr."}},"capital":["Nuuk"],"region":"Americas"},{"name":{"common":"Kyrgyzstan","official":"Kyrgyz Republic","nativeName":{"kir":{"official":"Кыргыз Республикасы","common":"Кыргызстан"},"rus":{"official":"Кыргызская Республика","common":"Киргизия"}}},"cca3":"KGZ","currencies":{"KGS":{"name":"Kyrgyzstani som","symbol":"с"}},"capital":["Bishkek"],"region":"Asia"},{"name":{"common":"El Salvador","official":"Republic of El Salvador","nativeName":{"spa":{"official":"República de El Salvador","common":"El Salvador"}}},"cca3":"SLV","currencies":{"USD":{"name":"United States dollar","symbol":"$"}},"capital":["San Salvador"],"region":"Americas"},{"name":{"common":"Faroe Islands","official":"Faroe Islands","nativeName":{"dan":{"official":"Færøerne","common":"Færøerne"},"fao":{"official":"Føroyar","common":"Føroyar"}}},"cca3":"FRO","currencies":{"DKK":{"name":"Danish krone","symbol":"kr"},"FOK":{"name":"Faroese króna","symbol":"kr"}},"capital":["Tórshavn"],"region":"Europe"},{"name":{"common":"Palau","official":"Republic of Palau","nativeName":{"eng":{"official":"Republic of Palau","common":"Palau"},"pau":{"official":"Beluu er a Belau","common":"Belau"}}},"cca3":"PLW","currencies":{"USD":{"name":"United States dollar","symbol":"$"}},"capital":["Ngerulmud"],"region":"Oceania"},{"name":{"common":"Malta","official":"Republic of Malta","nativeName":{"eng":{"official":"Republic of Malta","common":"Malta"},"mlt":{"official":"Repubblika ta ' Malta","common":"Malta"}}},"cca3":"MLT","currencies":{"EUR":{"name":"Euro","symbol":"€"}},"capital":["Valletta"],"region":"Europe"},{"name":{"common":"Syria","official":"Syrian Arab Republic","nativeName":{"ara":{"official":"الجمهورية العربية السورية","common":"سوريا"}}},"cca3":"SYR","currencies":{"SYP":{"name":"Syrian pound","symbol":"£"}},"capital":["Damascus"],"region":"Asia"},{"name":{"common":"Timor-Leste","official":"Democratic Republic of Timor-Leste","nativeName":{"por":{"official":"República Democrática de Timor-Leste","common":"Timor-Leste"},"tet":{"official":"Repúblika Demokrátika Timór-Leste","common":"Timór-Leste"}}},"cca3":"TLS","currencies":{"USD":{"name":"United States dollar","symbol":"$"}},"capital":["Dili"],"region":"Asia"},{"name":{"common":"Croatia","official":"Republic of Croatia","nativeName":{"hrv":{"official":"Republika Hrvatska","common":"Hrvatska"}}},"cca3":"HRV","currencies":{"EUR":{"name":"Euro","symbol":"€"}},"capital":["Zagreb"],"region":"Europe"},{"name":{"common":"Papua New Guinea","official":"Independent State of Papua New Guinea","nativeName":{"eng":{"official":"Independent State of Papua New Guinea","common":"Papua New Guinea"},"hmo":{"official":"Independen Stet bilong Papua Niugini","common":"Papua Niu Gini"},"tpi":{"official":"Independen Stet bilong Papua Niugini","common":"Papua Niugini"}}},"cca3":"PNG","currencies":{"PGK":{"name":"Papua New Guinean kina","symbol":"K"}},"capital":["Port Moresby"],"region":"Oceania"},{"name":{"common":"Netherlands","official":"Kingdom of the Netherlands","nativeName":{"nld":{"official":"Koninkrijk der Nederlanden","common":"Nederland"}}},"cca3":"NLD","currencies":{"EUR":{"name":"Euro","symbol":"€"}},"capital":["Amsterdam"],"region":"Europe"},{"name":{"common":"Liberia","official":"Republic of Liberia","nativeName":{"eng":{"official":"Republic of Liberia","common":"Liberia"}}},"cca3":"LBR","currencies":{"LRD":{"name":"Liberian dollar","symbol":"$"}},"capital":["Monrovia"],"region":"Africa"},{"name":{"common":"Somalia","official":"Federal Republic of Somalia","nativeName":{"ara":{"official":"جمهورية الصومال‎‎","common":"الصومال‎‎"},"som":{"official":"Jamhuuriyadda Federaalka Soomaaliya","common":"Soomaaliya"}}},"cca3":"SOM","currencies":{"SOS":{"name":"Somali shilling","symbol":"Sh"}},"capital":["Mogadishu"],"region":"Africa"},{"name":{"common":"Venezuela","official":"Bolivarian Republic of Venezuela","nativeName":{"spa":{"official":"República Bolivariana de Venezuela","common":"Venezuela"}}},"cca3":"VEN","currencies":{"VES":{"name":"Venezuelan bolívar soberano","symbol":"Bs.S."}},"capital":["Caracas"],"region":"Americas"},{"name":{"common":"Haiti","official":"Republic of Haiti","nativeName":{"fra":{"official":"République d'Haïti","common":"Haïti"},"hat":{"official":"Repiblik Ayiti","common":"Ayiti"}}},"cca3":"HTI","currencies":{"HTG":{"name":"Haitian gourde","symbol":"G"}},"capital":["Port-au-Prince"],"region":"Americas"},{"name":{"common":"Algeria","official":"People's Democratic Republic of Algeria","nativeName":{"ara":{"official":"الجمهورية الديمقراطية الشعبية الجزائرية","common":"الجزائر"}}},"cca3":"DZA","currencies":{"DZD":{"name":"Algerian dinar","symbol":"د.ج"}},"capital":["Algiers"],"region":"Africa"},{"name":{"common":"Northern Mariana Islands","official":"Commonwealth of the Northern Mariana Islands","nativeName":{"cal":{"official":"Commonwealth of the Northern Mariana Islands","common":"Northern Mariana Islands"},"cha":{"official":"Sankattan Siha Na Islas Mariånas","common":"Na Islas Mariånas"},"eng":{"official":"Commonwealth of the Northern Mariana Islands","common":"Northern Mariana Islands"}}},"cca3":"MNP","currencies":{"USD":{"name":"United States dollar","symbol":"$"}},"capital":["Saipan"],"region":"Oceania"},{"name":{"common":"Saint Martin","official":"Saint Martin","nativeName":{"fra":{"official":"Saint-Martin","common":"Saint-Martin"}}},"cca3":"MAF","currencies":{"EUR":{"name":"Euro","symbol":"€"}},"capital":["Marigot"],"region":"Americas"},{"name":{"common":"Heard Island and McDonald Islands","official":"Heard Island and McDonald Islands","nativeName":{"eng":{"official":"Heard Island and McDonald Islands","common":"Heard Island and McDonald Islands"}}},"cca3":"HMD","currencies":{},"capital":[],"region":"Antarctic"},{"name":{"common":"Aruba","official":"Aruba","nativeName":{"nld":{"official":"Aruba","common":"Aruba"},"pap":{"official":"Aruba","common":"Aruba"}}},"cca3":"ABW","currencies":{"AWG":{"name":"Aruban florin","symbol":"ƒ"}},"capital":["Oranjestad"],"region":"Americas"},{"name":{"common":"Egypt","official":"Arab Republic of Egypt","nativeName":{"ara":{"official":"جمهورية مصر العربية","common":"مصر"}}},"cca3":"EGY","currencies":{"EGP":{"name":"Egyptian pound","symbol":"£"}},"capital":["Cairo"],"region":"Africa"},{"name":{"common":"Malawi","official":"Republic of Malawi","nativeName":{"eng":{"official":"Republic of Malawi","common":"Malawi"},"nya":{"official":"Chalo cha Malawi, Dziko la Malaŵi","common":"Malaŵi"}}},"cca3":"MWI","currencies":{"MWK":{"name":"Malawian kwacha","symbol":"MK"}},"capital":["Lilongwe"],"region":"Africa"},{"name":{"common":"Equatorial Guinea","official":"Republic of Equatorial Guinea","nativeName":{"fra":{"official":"République de la Guinée Équatoriale","common":"Guinée équatoriale"},"por":{"official":"República da Guiné Equatorial","common":"Guiné Equatorial"},"spa":{"official":"República de Guinea Ecuatorial","common":"Guinea Ecuatorial"}}},"cca3":"GNQ","currencies":{"XAF":{"name":"Central African CFA franc","symbol":"Fr"}},"capital":["Malabo"],"region":"Africa"},{"name":{"common":"United States Virgin Islands","official":"Virgin Islands of the United States","nativeName":{"eng":{"official":"Virgin Islands of the United States","common":"United States Virgin Islands"}}},"cca3":"VIR","currencies":{"USD":{"name":"United States dollar","symbol":"$"}},"capital":["Charlotte Amalie"],"region":"Americas"},{"name":{"common":"Ecuador","official":"Republic of Ecuador","nativeName":{"spa":{"official":"República del Ecuador","common":"Ecuador"}}},"cca3":"ECU","currencies":{"USD":{"name":"United States dollar","symbol":"$"}},"capital":["Quito"],"region":"Americas"},{"name":{"common":"Uzbekistan","official":"Republic of Uzbekistan","nativeName":{"rus":{"official":"Республика Узбекистан","common":"Узбекистан"},"uzb":{"official":"O'zbekiston Respublikasi","common":"O‘zbekiston"}}},"cca3":"UZB","currencies":{"UZS":{"name":"Uzbekistani soʻm","symbol":"so'm"}},"capital":["Tashkent"],"region":"Asia"},{"name":{"common":"Gabon","official":"Gabonese Republic","nativeName":{"fra":{"official":"République gabonaise","common":"Gabon"}}},"cca3":"GAB","currencies":{"XAF":{"name":"Central African CFA franc","symbol":"Fr"}},"capital":["Libreville"],"region":"Africa"},{"name":{"common":"South Sudan","official":"Republic of South Sudan","nativeName":{"eng":{"official":"Republic of South Sudan","common":"South Sudan"}}},"cca3":"SSD","currencies":{"SSP":{"name":"South Sudanese pound","symbol":"£"}},"capital":["Juba"],"region":"Africa"},{"name":{"common":"Iran","official":"Islamic Republic of Iran","nativeName":{"fas":{"official":"جمهوری اسلامی ایران","common":"ایران"}}},"cca3":"IRN","currencies":{"IRR":{"name":"Iranian rial","symbol":"﷼"}},"capital":["Tehran"],"region":"Asia"},{"name":{"common":"Kazakhstan","official":"Republic of Kazakhstan","nativeName":{"kaz":{"official":"Қазақстан Республикасы","common":"Қазақстан"},"rus":{"official":"Республика Казахстан","common":"Казахстан"}}},"cca3":"KAZ","currencies":{"KZT":{"name":"Kazakhstani tenge","symbol":"₸"}},"capital":["Astana"],"region":"Asia"},{"name":{"common":"Nicaragua","official":"Republic of Nicaragua","nativeName":{"spa":{"official":"República de Nicaragua","common":"Nicaragua"}}},"cca3":"NIC","currencies":{"NIO":{"name":"Nicaraguan córdoba","symbol":"C$"}},"capital":["Managua"],"region":"Americas"},{"name":{"common":"Iceland","official":"Iceland","nativeName":{"isl":{"official":"Ísland","common":"Ísland"}}},"cca3":"ISL","currencies":{"ISK":{"name":"Icelandic króna","symbol":"kr"}},"capital":["Reykjavik"],"region":"Europe"},{"name":{"common":"Slovenia","official":"Republic of Slovenia","nativeName":{"slv":{"official":"Republika Slovenija","common":"Slovenija"}}},"cca3":"SVN","currencies":{"EUR":{"name":"Euro","symbol":"€"}},"capital":["Ljubljana"],"region":"Europe"},{"name":{"common":"Guadeloupe","official":"Guadeloupe","nativeName":{"fra":{"official":"Guadeloupe","common":"Guadeloupe"}}},"cca3":"GLP","currencies":{"EUR":{"name":"Euro","symbol":"€"}},"capital":["Basse-Terre"],"region":"Americas"},{"name":{"common":"Cameroon","official":"Republic of Cameroon","nativeName":{"eng":{"official":"Republic of Cameroon","common":"Cameroon"},"fra":{"official":"République du Cameroun","common":"Cameroun"}}},"cca3":"CMR","currencies":{"XAF":{"name":"Central African CFA franc","symbol":"Fr"}},"capital":["Yaoundé"],"region":"Africa"},{"name":{"common":"Argentina","official":"Argentine Republic","nativeName":{"grn":{"official":"Argentine Republic","common":"Argentina"},"spa":{"official":"República Argentina","common":"Argentina"}}},"cca3":"ARG","currencies":{"ARS":{"name":"Argentine peso","symbol":"$"}},"capital":["Buenos Aires"],"region":"Americas"},{"name":{"common":"Azerbaijan","official":"Republic of Azerbaijan","nativeName":{"aze":{"official":"Azərbaycan Respublikası","common":"Azərbaycan"}}},"cca3":"AZE","currencies":{"AZN":{"name":"Azerbaijani manat","symbol":"₼"}},"capital":["Baku"],"region":"Asia"},{"name":{"common":"Uganda","official":"Republic of Uganda","nativeName":{"eng":{"official":"Republic of Uganda","common":"Uganda"},"swa":{"official":"Republic of Uganda","common":"Uganda"}}},"cca3":"UGA","currencies":{"UGX":{"name":"Ugandan shilling","symbol":"Sh"}},"capital":["Kampala"],"region":"Africa"},{"name":{"common":"Niger","official":"Republic of Niger","nativeName":{"fra":{"official":"République du Niger","common":"Niger"}}},"cca3":"NER","currencies":{"XOF":{"name":"West African CFA franc","symbol":"Fr"}},"capital":["Niamey"],"region":"Africa"},{"name":{"common":"Christmas Island","official":"Territory of Christmas Island","nativeName":{"eng":{"official":"Territory of Christmas Island","common":"Christmas Island"}}},"cca3":"CXR","currencies":{"AUD":{"name":"Australian dollar","symbol":"$"}},"capital":["Flying Fish Cove"],"region":"Oceania"},{"name":{"common":"Myanmar","official":"Republic of the Union of Myanmar","nativeName":{"mya":{"official":"ပြည်ထောင်စု သမ္မတ မြန်မာနိုင်ငံတော်","common":"မြန်မာ"}}},"cca3":"MMR","currencies":{"MMK":{"name":"Burmese kyat","symbol":"Ks"}},"capital":["Naypyidaw"],"region":"Asia"},{"name":{"common":"Poland","official":"Republic of Poland","nativeName":{"pol":{"official":"Rzeczpospolita Polska","common":"Polska"}}},"cca3":"POL","currencies":{"PLN":{"name":"Polish złoty","symbol":"zł"}},"capital":["Warsaw"],"region":"Europe"},{"name":{"common":"Jordan","official":"Hashemite Kingdom of Jordan","nativeName":{"ara":{"official":"المملكة الأردنية الهاشمية","common":"الأردن"}}},"cca3":"JOR","currencies":{"JOD":{"name":"Jordanian dinar","symbol":"د.ا"}},"capital":["Amman"],"region":"Asia"},{"name":{"common":"Hong Kong","official":"Hong Kong Special Administrative Region of the People's Republic of China","nativeName":{"eng":{"official":"Hong Kong Special Administrative Region of the People's Republic of China","common":"Hong Kong"},"zho":{"official":"中华人民共和国香港特别行政区","common":"香港"}}},"cca3":"HKG","currencies":{"HKD":{"name":"Hong Kong dollar","symbol":"$"}},"capital":["City of Victoria"],"region":"Asia"},{"name":{"common":"DR Congo","official":"Democratic Republic of the Congo","nativeName":{"fra":{"official":"République démocratique du Congo","common":"RD Congo"},"kon":{"official":"Repubilika ya Kongo Demokratiki","common":"Repubilika ya Kongo Demokratiki"},"lin":{"official":"Republiki ya Kongó Demokratiki","common":"Republiki ya Kongó Demokratiki"},"lua":{"official":"Ditunga dia Kongu wa Mungalaata","common":"Ditunga dia Kongu wa Mungalaata"},"swa":{"official":"Jamhuri ya Kidemokrasia ya Kongo","common":"Jamhuri ya Kidemokrasia ya Kongo"}}},"cca3":"COD","currencies":{"CDF":{"name":"Congolese franc","symbol":"FC"}},"capital":["Kinshasa"],"region":"Africa"},{"name":{"common":"Eritrea","official":"State of Eritrea","nativeName":{"ara":{"official":"دولة إرتريا","common":"إرتريا‎"},"eng":{"official":"State of Eritrea","common":"Eritrea"},"tir":{"official":"ሃገረ ኤርትራ","common":"ኤርትራ"}}},"cca3":"ERI","currencies":{"ERN":{"name":"Eritrean nakfa","symbol":"Nfk"}},"capital":["Asmara"],"region":"Africa"},{"name":{"common":"Kiribati","official":"Independent and Sovereign Republic of Kiribati","nativeName":{"eng":{"official":"Independent and Sovereign Republic of Kiribati","common":"Kiribati"},"gil":{"official":"Ribaberiki Kiribati","common":"Kiribati"}}},"cca3":"KIR","currencies":{"AUD":{"name":"Australian dollar","symbol":"$"},"KID":{"name":"Kiribati dollar","symbol":"$"}},"capital":["South Tarawa"],"region":"Oceania"},{"name":{"common":"Marshall Islands","official":"Republic of the Marshall Islands","nativeName":{"eng":{"official":"Republic of the Marshall Islands","common":"Marshall Islands"},"mah":{"official":"Republic of the Marshall Islands","common":"M̧ajeļ"}}},"cca3":"MHL","currencies":{"USD":{"name":"United States dollar","symbol":"$"}},"capital":["Majuro"],"region":"Oceania"},{"name":{"common":"Burkina Faso","official":"Burkina Faso","nativeName":{"fra":{"official":"République du Burkina","common":"Burkina Faso"}}},"cca3":"BFA","currencies":{"XOF":{"name":"West African CFA franc","symbol":"Fr"}},"capital":["Ouagadougou"],"region":"Africa"},{"name":{"common":"Zimbabwe","official":"Republic of Zimbabwe","nativeName":{"bwg":{"official":"Republic of Zimbabwe","common":"Zimbabwe"},"eng":{"official":"Republic of Zimbabwe","common":"Zimbabwe"},"kck":{"official":"Republic of Zimbabwe","common":"Zimbabwe"},"khi":{"official":"Republic of Zimbabwe","common":"Zimbabwe"},"ndc":{"official":"Republic of Zimbabwe","common":"Zimbabwe"},"nde":{"official":"Republic of Zimbabwe","common":"Zimbabwe"},"nya":{"official":"Republic of Zimbabwe","common":"Zimbabwe"},"sna":{"official":"Republic of Zimbabwe","common":"Zimbabwe"},"sot":{"official":"Republic of Zimbabwe","common":"Zimbabwe"},"toi":{"official":"Republic of Zimbabwe","common":"Zimbabwe"},"tsn":{"official":"Republic of Zimbabwe","common":"Zimbabwe"},"tso":{"official":"Republic of Zimbabwe","common":"Zimbabwe"},"ven":{"official":"Republic of Zimbabwe","common":"Zimbabwe"},"xho":{"official":"Republic of Zimbabwe","common":"Zimbabwe"},"zib":{"official":"Republic of Zimbabwe","common":"Zimbabwe"}}},"cca3":"ZWE","currencies":{"ZWL":{"name":"Zimbabwean dollar","symbol":"$"}},"capital":["Harare"],"region":"Africa"},{"name":{"common":"Kenya","official":"Republic of Kenya","nativeName":{"eng":{"official":"Republic of Kenya","common":"Kenya"},"swa":{"official":"Republic of Kenya","common":"Kenya"}}},"cca3":"KEN","currencies":{"KES":{"name":"Kenyan shilling","symbol":"Sh"}},"capital":["Nairobi"],"region":"Africa"},{"name":{"common":"Comoros","official":"Union of the Comoros","nativeName":{"ara":{"official":"الاتحاد القمري","common":"القمر‎"},"fra":{"official":"Union des Comores","common":"Comores"},"zdj":{"official":"Udzima wa Komori","common":"Komori"}}},"cca3":"COM","currencies":{"KMF":{"name":"Comorian franc","symbol":"Fr"}},"capital":["Moroni"],"region":"Africa"},{"name":{"common":"Gibraltar","official":"Gibraltar","nativeName":{"eng":{"official":"Gibraltar","common":"Gibraltar"}}},"cca3":"GIB","currencies":{"GIP":{"name":"Gibraltar pound","symbol":"£"}},"capital":["Gibraltar"],"region":"Europe"},{"name":{"common":"Brunei","official":"Nation of Brunei, Abode of Peace","nativeName":{"msa":{"official":"Nation of Brunei, Abode Damai","common":"Negara Brunei Darussalam"}}},"cca3":"BRN","currencies":{"BND":{"name":"Brunei dollar","symbol":"$"},"SGD":{"name":"Singapore dollar","symbol":"$"}},"capital":["Bandar Seri Begawan"],"region":"Asia"},{"name":{"common":"Sweden","official":"Kingdom of Sweden","nativeName":{"swe":{"official":"Konungariket Sverige","common":"Sverige"}}},"cca3":"SWE","currencies":{"SEK":{"name":"Swedish krona","symbol":"kr"}},"capital":["Stockholm"],"region":"Europe"},{"name":{"common":"Lesotho","official":"Kingdom of Lesotho","nativeName":{"eng":{"official":"Kingdom of Lesotho","common":"Lesotho"},"sot":{"official":"Kingdom of Lesotho","common":"Lesotho"}}},"cca3":"LSO","currencies":{"LSL":{"name":"Lesotho loti","symbol":"L"},"ZAR":{"name":"South African rand","symbol":"R"}},"capital":["Maseru"],"region":"Africa"},{"name":{"common":"Isle of Man","official":"Isle of Man","nativeName":{"eng":{"official":"Isle of Man","common":"Isle of Man"},"glv":{"official":"Ellan Vannin or Mannin","common":"Mannin"}}},"cca3":"IMN","currencies":{"GBP":{"name":"British pound","symbol":"£"},"IMP":{"name":"Manx pound","symbol":"£"}},"capital":["Douglas"],"region":"Europe"},{"name":{"common":"Micronesia","official":"Federated States of Micronesia","nativeName":{"eng":{"official":"Federated States of Micronesia","common":"Micronesia"}}},"cca3":"FSM","currencies":{"USD":{"name":"United States dollar","symbol":"$"}},"capital":["Palikir"],"region":"Oceania"},{"name":{"common":"Tanzania","official":"United Republic of Tanzania","nativeName":{"eng":{"official":"United Republic of Tanzania","common":"Tanzania"},"swa":{"official":"Jamhuri ya Muungano wa Tanzania","common":"Tanzania"}}},"cca3":"TZA","currencies":{"TZS":{"name":"Tanzanian shilling","symbol":"Sh"}},"capital":["Dodoma"],"region":"Africa"},{"name":{"common":"Cape Verde","official":"Republic of Cabo Verde","nativeName":{"por":{"official":"República de Cabo Verde","common":"Cabo Verde"}}},"cca3":"CPV","currencies":{"CVE":{"name":"Cape Verdean escudo","symbol":"Esc"}},"capital":["Praia"],"region":"Africa"},{"name":{"common":"Afghanistan","official":"Islamic Republic of Afghanistan","nativeName":{"prs":{"official":"جمهوری اسلامی افغانستان","common":"افغانستان"},"pus":{"official":"د افغانستان اسلامي جمهوریت","common":"افغانستان"},"tuk":{"official":"Owganystan Yslam Respublikasy","common":"Owganystan"}}},"cca3":"AFG","currencies":{"AFN":{"name":"Afghan afghani","symbol":"؋"}},"capital":["Kabul"],"region":"Asia"},{"name":{"common":"Andorra","official":"Principality of Andorra","nativeName":{"cat":{"official":"Principat d'Andorra","common":"Andorra"}}},"cca3":"AND","currencies":{"EUR":{"name":"Euro","symbol":"€"}},"capital":["Andorra la Vella"],"region":"Europe"},{"name":{"common":"Greece","official":"Hellenic Republic","nativeName":{"ell":{"official":"Ελληνική Δημοκρατία","common":"Ελλάδα"}}},"cca3":"GRC","currencies":{"EUR":{"name":"Euro","symbol":"€"}},"capital":["Athens"],"region":"Europe"},{"name":{"common":"Vietnam","official":"Socialist Republic of Vietnam","nativeName":{"vie":{"official":"Cộng hòa xã hội chủ nghĩa Việt Nam","common":"Việt Nam"}}},"cca3":"VNM","currencies":{"VND":{"name":"Vietnamese đồng","symbol":"₫"}},"capital":["Hanoi"],"region":"Asia"},{"name":{"common":"French Southern and Antarctic Lands","official":"Territory of the French Southern and Antarctic Lands","nativeName":{"fra":{"official":"Territoire des Terres australes et antarctiques françaises","common":"Terres australes et antarctiques françaises"}}},"cca3":"ATF","currencies":{"EUR":{"name":"Euro","symbol":"€"}},"capital":["Port-aux-Français"],"region":"Antarctic"},{"name":{"common":"Iraq","official":"Republic of Iraq","nativeName":{"ara":{"official":"جمهورية العراق","common":"العراق"},"arc":{"official":"ܩܘܼܛܢܵܐ ܐܝܼܪܲܩ","common":"ܩܘܼܛܢܵܐ"},"ckb":{"official":"کۆماری عێراق","common":"کۆماری"}}},"cca3":"IRQ","currencies":{"IQD":{"name":"Iraqi dinar","symbol":"ع.د"}},"capital":["Baghdad"],"region":"Asia"},{"name":{"common":"Libya","official":"State of Libya","nativeName":{"ara":{"official":"الدولة ليبيا","common":"‏ليبيا"}}},"cca3":"LBY","currencies":{"LYD":{"name":"Libyan dinar","symbol":"ل.د"}},"capital":["Tripoli"],"region":"Africa"},{"name":{"common":"Portugal","official":"Portuguese Republic","nativeName":{"por":{"official":"República Portuguesa","common":"Portugal"}}},"cca3":"PRT","currencies":{"EUR":{"name":"Euro","symbol":"€"}},"capital":["Lisbon"],"region":"Europe"},{"name":{"common":"Pakistan","official":"Islamic Republic of Pakistan","nativeName":{"eng":{"official":"Islamic Republic of Pakistan","common":"Pakistan"},"urd":{"official":"اسلامی جمہوریۂ پاكستان","common":"پاكستان"}}},"cca3":"PAK","currencies":{"PKR":{"name":"Pakistani rupee","symbol":"₨"}},"capital":["Islamabad"],"region":"Asia"},{"name":{"common":"Maldives","official":"Republic of the Maldives","nativeName":{"div":{"official":"ދިވެހިރާއްޖޭގެ ޖުމްހޫރިއްޔާ","common":"ދިވެހިރާއްޖޭގެ"}}},"cca3":"MDV","currencies":{"MVR":{"name":"Maldivian rufiyaa","symbol":".ރ"}},"capital":["Malé"],"region":"Asia"},{"name":{"common":"Morocco","official":"Kingdom of Morocco","nativeName":{"ara":{"official":"المملكة المغربية","common":"المغرب"},"ber":{"official":"ⵜⴰⴳⵍⴷⵉⵜ ⵏ ⵍⵎⵖⵔⵉⴱ","common":"ⵍⵎⴰⵖⵔⵉⴱ"}}},"cca3":"MAR","currencies":{"MAD":{"name":"Moroccan dirham","symbol":"د.م."}},"capital":["Rabat"],"region":"Africa"},{"name":{"common":"Bosnia and Herzegovina","official":"Bosnia and Herzegovina","nativeName":{"bos":{"official":"Bosna i Hercegovina","common":"Bosna i Hercegovina"},"hrv":{"official":"Bosna i Hercegovina","common":"Bosna i Hercegovina"},"srp":{"official":"Босна и Херцеговина","common":"Босна и Херцеговина"}}},"cca3":"BIH","currencies":{"BAM":{"name":"Bosnia and Herzegovina convertible mark","symbol":"KM"}},"capital":["Sarajevo"],"region":"Europe"},{"name":{"common":"Samoa","official":"Independent State of Samoa","nativeName":{"eng":{"official":"Independent State of Samoa","common":"Samoa"},"smo":{"official":"Malo Saʻoloto Tutoʻatasi o Sāmoa","common":"Sāmoa"}}},"cca3":"WSM","currencies":{"WST":{"name":"Samoan tālā","symbol":"T"}},"capital":["Apia"],"region":"Oceania"},{"name":{"common":"Palestine","official":"State of Palestine","nativeName":{"ara":{"official":"دولة فلسطين","common":"فلسطين"}}},"cca3":"PSE","currencies":{"EGP":{"name":"Egyptian pound","symbol":"E£"},"ILS":{"name":"Israeli new shekel","symbol":"₪"},"JOD":{"name":"Jordanian dinar","symbol":"JD"}},"capital":["Ramallah","Jerusalem"],"region":"Asia"},{"name":{"common":"Oman","official":"Sultanate of Oman","nativeName":{"ara":{"official":"سلطنة عمان","common":"عمان"}}},"cca3":"OMN","currencies":{"OMR":{"name":"Omani rial","symbol":"ر.ع."}},"capital":["Muscat"],"region":"Asia"},{"name":{"common":"Bahrain","official":"Kingdom of Bahrain","nativeName":{"ara":{"official":"مملكة البحرين","common":"‏البحرين"}}},"cca3":"BHR","currencies":{"BHD":{"name":"Bahraini dinar","symbol":".د.ب"}},"capital":["Manama"],"region":"Asia"},{"name":{"common":"United States","official":"United States of America","nativeName":{"eng":{"official":"United States of America","common":"United States"}}},"cca3":"USA","currencies":{"USD":{"name":"United States dollar","symbol":"$"}},"capital":["Washington, D.C."],"region":"Americas"},{"name":{"common":"Puerto Rico","official":"Commonwealth of Puerto Rico","nativeName":{"eng":{"official":"Commonwealth of Puerto Rico","common":"Puerto Rico"},"spa":{"official":"Estado Libre Asociado de Puerto Rico","common":"Puerto Rico"}}},"cca3":"PRI","currencies":{"USD":{"name":"United States dollar","symbol":"$"}},"capital":["San Juan"],"region":"Americas"},{"name":{"common":"British Indian Ocean Territory","official":"British Indian Ocean Territory","nativeName":{"eng":{"official":"British Indian Ocean Territory","common":"British Indian Ocean Territory"}}},"cca3":"IOT","currencies":{"USD":{"name":"United States dollar","symbol":"$"}},"capital":["Diego Garcia"],"region":"Africa"},{"name":{"common":"Jersey","official":"Bailiwick of Jersey","nativeName":{"eng":{"official":"Bailiwick of Jersey","common":"Jersey"},"fra":{"official":"Bailliage de Jersey","common":"Jersey"},"nrf":{"official":"Bailliage dé Jèrri","common":"Jèrri"}}},"cca3":"JEY","currencies":{"GBP":{"name":"British pound","symbol":"£"},"JEP":{"name":"Jersey pound","symbol":"£"}},"capital":["Saint Helier"],"region":"Europe"},{"name":{"common":"North Macedonia","official":"Republic of North Macedonia","nativeName":{"mkd":{"official":"Република Северна Македонија","common":"Македонија"}}},"cca3":"MKD","currencies":{"MKD":{"name":"denar","symbol":"den"}},"capital":["Skopje"],"region":"Europe"},{"name":{"common":"Tunisia","official":"Tunisian Republic","nativeName":{"ara":{"official":"الجمهورية التونسية","common":"تونس"}}},"cca3":"TUN","currencies":{"TND":{"name":"Tunisian dinar","symbol":"د.ت"}},"capital":["Tunis"],"region":"Africa"},{"name":{"common":"Trinidad and Tobago","official":"Republic of Trinidad and Tobago","nativeName":{"eng":{"official":"Republic of Trinidad and Tobago","common":"Trinidad and Tobago"}}},"cca3":"TTO","currencies":{"TTD":{"name":"Trinidad and Tobago dollar","symbol":"$"}},"capital":["Port of Spain"],"region":"Americas"},{"name":{"common":"Estonia","official":"Republic of Estonia","nativeName":{"est":{"official":"Eesti Vabariik","common":"Eesti"}}},"cca3":"EST","currencies":{"EUR":{"name":"Euro","symbol":"€"}},"capital":["Tallinn"],"region":"Europe"},{"name":{"common":"Singapore","official":"Republic of Singapore","nativeName":{"eng":{"official":"Republic of Singapore","common":"Singapore"},"zho":{"official":"新加坡共和国","common":"新加坡"},"msa":{"official":"Republik Singapura","common":"Singapura"},"tam":{"official":"சிங்கப்பூர் குடியரசு","common":"சிங்கப்பூர்"}}},"cca3":"SGP","currencies":{"SGD":{"name":"Singapore dollar","symbol":"$"}},"capital":["Singapore"],"region":"Asia"},{"name":{"common":"Panama","official":"Republic of Panama","nativeName":{"spa":{"official":"República de Panamá","common":"Panamá"}}},"cca3":"PAN","currencies":{"PAB":{"name":"Panamanian balboa","symbol":"B/."},"USD":{"name":"United States dollar","symbol":"$"}},"capital":["Panama City"],"region":"Americas"},{"name":{"common":"Switzerland","official":"Swiss Confederation","nativeName":{"fra":{"official":"Confédération suisse","common":"Suisse"},"gsw":{"official":"Schweizerische Eidgenossenschaft","common":"Schweiz"},"ita":{"official":"Confederazione Svizzera","common":"Svizzera"},"roh":{"official":"Confederaziun svizra","common":"Svizra"}}},"cca3":"CHE","currencies":{"CHF":{"name":"Swiss franc","symbol":"Fr."}},"capital":["Bern"],"region":"Europe"},{"name":{"common":"Uruguay","official":"Oriental Republic of Uruguay","nativeName":{"spa":{"official":"República Oriental del Uruguay","common":"Uruguay"}}},"cca3":"URY","currencies":{"UYU":{"name":"Uruguayan peso","symbol":"$"}},"capital":["Montevideo"],"region":"Americas"},{"name":{"common":"Tajikistan","official":"Republic of Tajikistan","nativeName":{"rus":{"official":"Республика Таджикистан","common":"Таджикистан"},"tgk":{"official":"Ҷумҳурии Тоҷикистон","common":"Тоҷикистон"}}},"cca3":"TJK","currencies":{"TJS":{"name":"Tajikistani somoni","symbol":"ЅМ"}},"capital":["Dushanbe"],"region":"Asia"},{"name":{"common":"Taiwan","official":"Republic of China (Taiwan)","nativeName":{"zho":{"official":"中華民國","common":"台灣"}}},"cca3":"TWN","currencies":{"TWD":{"name":"New Taiwan dollar","symbol":"$"}},"capital":["Taipei"],"region":"Asia"},{"name":{"common":"South Africa","official":"Republic of South Africa","nativeName":{"afr":{"official":"Republiek van Suid-Afrika","common":"South Africa"},"eng":{"official":"Republic of South Africa","common":"South Africa"},"nbl":{"official":"IRiphabliki yeSewula Afrika","common":"Sewula Afrika"},"nso":{"official":"Rephaboliki ya Afrika-Borwa ","common":"Afrika-Borwa"},"sot":{"official":"Rephaboliki ya Afrika Borwa","common":"Afrika Borwa"},"ssw":{"official":"IRiphabhulikhi yeNingizimu Afrika","common":"Ningizimu Afrika"},"tsn":{"official":"Rephaboliki ya Aforika Borwa","common":"Aforika Borwa"},"tso":{"official":"Riphabliki ra Afrika Dzonga","common":"Afrika Dzonga"},"ven":{"official":"Riphabuḽiki ya Afurika Tshipembe","common":"Afurika Tshipembe"},"xho":{"official":"IRiphabliki yaseMzantsi Afrika","common":"Mzantsi Afrika"},"zul":{"official":"IRiphabliki yaseNingizimu Afrika","common":"Ningizimu Afrika"}}},"cca3":"ZAF","currencies":{"ZAR":{"name":"South African rand","symbol":"R"}},"capital":["Pretoria","Bloemfontein","Cape Town"],"region":"Africa"},{"name":{"common":"Liechtenstein","official":"Principality of Liechtenstein","nativeName":{"deu":{"official":"Fürstentum Liechtenstein","common":"Liechtenstein"}}},"cca3":"LIE","currencies":{"CHF":{"name":"Swiss franc","symbol":"Fr"}},"capital":["Vaduz"],"region":"Europe"},{"name":{"common":"Brazil","official":"Federative Republic of Brazil","nativeName":{"por":{"official":"República Federativa do Brasil","common":"Brasil"}}},"cca3":"BRA","currencies":{"BRL":{"name":"Brazilian real","symbol":"R$"}},"capital":["Brasília"],"region":"Americas"},{"name":{"common":"Armenia","official":"Republic of Armenia","nativeName":{"hye":{"official":"Հայաստանի Հանրապետություն","common":"Հայաստան"}}},"cca3":"ARM","currencies":{"AMD":{"name":"Armenian dram","symbol":"֏"}},"capital":["Yerevan"],"region":"Asia"},{"name":{"common":"Georgia","official":"Georgia","nativeName":{"kat":{"official":"საქართველო","common":"საქართველო"}}},"cca3":"GEO","currencies":{"GEL":{"name":"lari","symbol":"₾"}},"capital":["Tbilisi"],"region":"Asia"},{"name":{"common":"Åland Islands","official":"Åland Islands","nativeName":{"swe":{"official":"Landskapet Åland","common":"Åland"}}},"cca3":"ALA","currencies":{"EUR":{"name":"Euro","symbol":"€"}},"capital":["Mariehamn"],"region":"Europe"},{"name":{"common":"Qatar","official":"State of Qatar","nativeName":{"ara":{"official":"دولة قطر","common":"قطر"}}},"cca3":"QAT","currencies":{"QAR":{"name":"Qatari riyal","symbol":"ر.ق"}},"capital":["Doha"],"region":"Asia"},{"name":{"common":"Dominica","official":"Commonwealth of Dominica","nativeName":{"eng":{"official":"Commonwealth of Dominica","common":"Dominica"}}},"cca3":"DMA","currencies":{"XCD":{"name":"Eastern Caribbean dollar","symbol":"$"}},"capital":["Roseau"],"region":"Americas"},{"name":{"common":"Ukraine","official":"Ukraine","nativeName":{"ukr":{"official":"Україна","common":"Україна"}}},"cca3":"UKR","currencies":{"UAH":{"name":"Ukrainian hryvnia","symbol":"₴"}},"capital":["Kyiv"],"region":"Europe"},{"name":{"common":"Guinea","official":"Republic of Guinea","nativeName":{"fra":{"official":"République de Guinée","common":"Guinée"}}},"cca3":"GIN","currencies":{"GNF":{"name":"Guinean franc","symbol":"Fr"}},"capital":["Conakry"],"region":"Africa"},{"name":{"common":"Macau","official":"Macao Special Administrative Region of the People's Republic of China","nativeName":{"por":{"official":"Região Administrativa Especial de Macau da República Popular da China","common":"Macau"},"zho":{"official":"中华人民共和国澳门特别行政区","common":"澳门"}}},"cca3":"MAC","currencies":{"MOP":{"name":"Macanese pataca","symbol":"P"}},"capital":[],"region":"Asia"},{"name":{"common":"Western Sahara","official":"Sahrawi Arab Democratic Republic","nativeName":{"ber":{"official":"Sahrawi Arab Democratic Republic","common":"Western Sahara"},"mey":{"official":"الجمهورية العربية الصحراوية الديمقراطية","common":"الصحراء الغربية"},"spa":{"official":"República Árabe Saharaui Democrática","common":"Sahara Occidental"}}},"cca3":"ESH","currencies":{"DZD":{"name":"Algerian dinar","symbol":"دج"},"MAD":{"name":"Moroccan dirham","symbol":"DH"},"MRU":{"name":"Mauritanian ouguiya","symbol":"UM"}},"capital":["El Aaiún"],"region":"Africa"},{"name":{"common":"Czechia","official":"Czech Republic","nativeName":{"ces":{"official":"Česká republika","common":"Česko"},"slk":{"official":"Česká republika","common":"Česko"}}},"cca3":"CZE","currencies":{"CZK":{"name":"Czech koruna","symbol":"Kč"}},"capital":["Prague"],"region":"Europe"},{"name":{"common":"Austria","official":"Republic of Austria","nativeName":{"bar":{"official":"Republik Österreich","common":"Österreich"}}},"cca3":"AUT","currencies":{"EUR":{"name":"Euro","symbol":"€"}},"capital":["Vienna"],"region":"Europe"},{"name":{"common":"Saint Kitts and Nevis","official":"Federation of Saint Christopher and Nevis","nativeName":{"eng":{"official":"Federation of Saint Christopher and Nevis","common":"Saint Kitts and Nevis"}}},"cca3":"KNA","currencies":{"XCD":{"name":"Eastern Caribbean dollar","symbol":"$"}},"capital":["Basseterre"],"region":"Americas"},{"name":{"common":"Saint Lucia","official":"Saint Lucia","nativeName":{"eng":{"official":"Saint Lucia","common":"Saint Lucia"}}},"cca3":"LCA","currencies":{"XCD":{"name":"Eastern Caribbean dollar","symbol":"$"}},"capital":["Castries"],"region":"Americas"},{"name":{"common":"Yemen","official":"Republic of Yemen","nativeName":{"ara":{"official":"الجمهورية اليمنية","common":"اليَمَن"}}},"cca3":"YEM","currencies":{"YER":{"name":"Yemeni rial","symbol":"﷼"}},"capital":["Sana'a"],"region":"Asia"},{"name":{"common":"Rwanda","official":"Republic of Rwanda","nativeName":{"eng":{"official":"Republic of Rwanda","common":"Rwanda"},"fra":{"official":"République rwandaise","common":"Rwanda"},"kin":{"official":"Repubulika y'u Rwanda","common":"Rwanda"}}},"cca3":"RWA","currencies":{"RWF":{"name":"Rwandan franc","symbol":"Fr"}},"capital":["Kigali"],"region":"Africa"},{"name":{"common":"Monaco","official":"Principality of Monaco","nativeName":{"fra":{"official":"Principauté de Monaco","common":"Monaco"}}},"cca3":"MCO","currencies":{"EUR":{"name":"Euro","symbol":"€"}},"capital":["Monaco"],"region":"Europe"},{"name":{"common":"São Tomé and Príncipe","official":"Democratic Republic of São Tomé and Príncipe","nativeName":{"por":{"official":"República Democrática do São Tomé e Príncipe","common":"São Tomé e Príncipe"}}},"cca3":"STP","currencies":{"STN":{"name":"São Tomé and Príncipe dobra","symbol":"Db"}},"capital":["São Tomé"],"region":"Africa"},{"name":{"common":"Republic of the Congo","official":"Republic of the Congo","nativeName":{"fra":{"official":"République du Congo","common":"République du Congo"},"kon":{"official":"Repubilika ya Kongo","common":"Repubilika ya Kongo"},"lin":{"official":"Republíki ya Kongó","common":"Republíki ya Kongó"}}},"cca3":"COG","currencies":{"XAF":{"name":"Central African CFA franc","symbol":"Fr"}},"capital":["Brazzaville"],"region":"Africa"},{"name":{"common":"Paraguay","official":"Republic of Paraguay","nativeName":{"grn":{"official":"Tetã Paraguái","common":"Paraguái"},"spa":{"official":"República de Paraguay","common":"Paraguay"}}},"cca3":"PRY","currencies":{"PYG":{"name":"Paraguayan guaraní","symbol":"₲"}},"capital":["Asunción"],"region":"Americas"},{"name":{"common":"Bouvet Island","official":"Bouvet Island","nativeName":{"nor":{"official":"Bouvetøya","common":"Bouvetøya"}}},"cca3":"BVT","currencies":{},"capital":[],"region":"Antarctic"},{"name":{"common":"Mozambique","official":"Republic of Mozambique","nativeName":{"por":{"official":"República de Moçambique","common":"Moçambique"}}},"cca3":"MOZ","currencies":{"MZN":{"name":"Mozambican metical","symbol":"MT"}},"capital":["Maputo"],"region":"Africa"},{"name":{"common":"France","official":"French Republic","nativeName":{"fra":{"official":"République française","common":"France"}}},"cca3":"FRA","currencies":{"EUR":{"name":"Euro","symbol":"€"}},"capital":["Paris"],"region":"Europe"},{"name":{"common":"Eswatini","official":"Kingdom of Eswatini","nativeName":{"eng":{"official":"Kingdom of Eswatini","common":"Eswatini"},"ssw":{"official":"Umbuso weSwatini","common":"eSwatini"}}},"cca3":"SWZ","currencies":{"SZL":{"name":"Swazi lilangeni","symbol":"L"},"ZAR":{"name":"South African rand","symbol":"R"}},"capital":["Mbabane"],"region":"Africa"},{"name":{"common":"Barbados","official":"Barbados","nativeName":{"eng":{"official":"Barbados","common":"Barbados"}}},"cca3":"BRB","currencies":{"BBD":{"name":"Barbadian dollar","symbol":"$"}},"capital":["Bridgetown"],"region":"Americas"},{"name":{"common":"Spain","official":"Kingdom of Spain","nativeName":{"spa":{"official":"Reino de España","common":"España"}}},"cca3":"ESP","currencies":{"EUR":{"name":"Euro","symbol":"€"}},"capital":["Madrid"],"region":"Europe"},{"name":{"common":"Thailand","official":"Kingdom of Thailand","nativeName":{"tha":{"official":"ราชอาณาจักรไทย","common":"ประเทศไทย"}}},"cca3":"THA","currencies":{"THB":{"name":"Thai baht","symbol":"฿"}},"capital":["Bangkok"],"region":"Asia"},{"name":{"common":"Guinea-Bissau","official":"Republic of Guinea-Bissau","nativeName":{"por":{"official":"República da Guiné-Bissau","common":"Guiné-Bissau"},"pov":{"official":"República da Guiné-Bissau","common":"Guiné-Bissau"}}},"cca3":"GNB","currencies":{"XOF":{"name":"West African CFA franc","symbol":"Fr"}},"capital":["Bissau"],"region":"Africa"},{"name":{"common":"Angola","official":"Republic of Angola","nativeName":{"por":{"official":"República de Angola","common":"Angola"}}},"cca3":"AGO","currencies":{"AOA":{"name":"Angolan kwanza","symbol":"Kz"}},"capital":["Luanda"],"region":"Africa"},{"name":{"common":"India","official":"Republic of India","nativeName":{"eng":{"official":"Republic of India","common":"India"},"hin":{"official":"भारत गणराज्य","common":"भारत"},"tam":{"official":"இந்தியக் குடியரசு","common":"இந்தியா"}}},"cca3":"IND","currencies":{"INR":{"name":"Indian rupee","symbol":"₹"}},"capital":["New Delhi"],"region":"Asia"},{"name":{"common":"Martinique","official":"Martinique","nativeName":{"fra":{"official":"Martinique","common":"Martinique"}}},"cca3":"MTQ","currencies":{"EUR":{"name":"Euro","symbol":"€"}},"capital":["Fort-de-France"],"region":"Americas"},{"name":{"common":"New Caledonia","official":"New Caledonia","nativeName":{"fra":{"official":"Nouvelle-Calédonie","common":"Nouvelle-Calédonie"}}},"cca3":"NCL","currencies":{"XPF":{"name":"CFP franc","symbol":"₣"}},"capital":["Nouméa"],"region":"Oceania"},{"name":{"common":"Seychelles","official":"Republic of Seychelles","nativeName":{"crs":{"official":"Repiblik Sesel","common":"Sesel"},"eng":{"official":"Republic of Seychelles","common":"Seychelles"},"fra":{"official":"République des Seychelles","common":"Seychelles"}}},"cca3":"SYC","currencies":{"SCR":{"name":"Seychellois rupee","symbol":"₨"}},"capital":["Victoria"],"region":"Africa"},{"name":{"common":"Falkland Islands","official":"Falkland Islands","nativeName":{"eng":{"official":"Falkland Islands","common":"Falkland Islands"}}},"cca3":"FLK","currencies":{"FKP":{"name":"Falkland Islands pound","symbol":"£"}},"capital":["Stanley"],"region":"Americas"},{"name":{"common":"United Kingdom","official":"United Kingdom of Great Britain and Northern Ireland","nativeName":{"eng":{"official":"United Kingdom of Great Britain and Northern Ireland","common":"United Kingdom"}}},"cca3":"GBR","currencies":{"GBP":{"name":"British pound","symbol":"£"}},"capital":["London"],"region":"Europe"},{"name":{"common":"Fiji","official":"Republic of Fiji","nativeName":{"eng":{"official":"Republic of Fiji","common":"Fiji"},"fij":{"official":"Matanitu Tugalala o Viti","common":"Viti"},"hif":{"official":"रिपब्लिक ऑफ फीजी","common":"फिजी"}}},"cca3":"FJI","currencies":{"FJD":{"name":"Fijian dollar","symbol":"$"}},"capital":["Suva"],"region":"Oceania"},{"name":{"common":"San Marino","official":"Republic of San Marino","nativeName":{"ita":{"official":"Repubblica di San Marino","common":"San Marino"}}},"cca3":"SMR","currencies":{"EUR":{"name":"Euro","symbol":"€"}},"capital":["City of San Marino"],"region":"Europe"},{"name":{"common":"Mali","official":"Republic of Mali","nativeName":{"fra":{"official":"République du Mali","common":"Mali"}}},"cca3":"MLI","currencies":{"XOF":{"name":"West African CFA franc","symbol":"Fr"}},"capital":["Bamako"],"region":"Africa"},{"name":{"common":"Canada","official":"Canada","nativeName":{"eng":{"official":"Canada","common":"Canada"},"fra":{"official":"Canada","common":"Canada"}}},"cca3":"CAN","currencies":{"CAD":{"name":"Canadian dollar","symbol":"$"}},"capital":["Ottawa"],"region":"Americas"},{"name":{"common":"Jamaica","official":"Jamaica","nativeName":{"eng":{"official":"Jamaica","common":"Jamaica"},"jam":{"official":"Jamaica","common":"Jamaica"}}},"cca3":"JAM","currencies":{"JMD":{"name":"Jamaican dollar","symbol":"$"}},"capital":["Kingston"],"region":"Americas"},{"name":{"common":"Nauru","official":"Republic of Nauru","nativeName":{"eng":{"official":"Republic of Nauru","common":"Nauru"},"nau":{"official":"Republic of Nauru","common":"Nauru"}}},"cca3":"NRU","currencies":{"AUD":{"name":"Australian dollar","symbol":"$"}},"capital":["Yaren"],"region":"Oceania"},{"name":{"common":"Indonesia","official":"Republic of Indonesia","nativeName":{"ind":{"official":"Republik Indonesia","common":"Indonesia"}}},"cca3":"IDN","currencies":{"IDR":{"name":"Indonesian rupiah","symbol":"Rp"}},"capital":["Jakarta"],"region":"Asia"},{"name":{"common":"Guam","official":"Guam","nativeName":{"cha":{"official":"Guåhån","common":"Guåhån"},"eng":{"official":"Guam","common":"Guam"},"spa":{"official":"Guam","common":"Guam"}}},"cca3":"GUM","currencies":{"USD":{"name":"United States dollar","symbol":"$"}},"capital":["Hagåtña"],"region":"Oceania"},{"name":{"common":"Ivory Coast","official":"Republic of Côte d'Ivoire","nativeName":{"fra":{"official":"République de Côte d'Ivoire","common":"Côte d'Ivoire"}}},"cca3":"CIV","currencies":{"XOF":{"name":"West African CFA franc","symbol":"Fr"}},"capital":["Yamoussoukro"],"region":"Africa"},{"name":{"common":"Kuwait","official":"State of Kuwait","nativeName":{"ara":{"official":"دولة الكويت","common":"الكويت"}}},"cca3":"KWT","currencies":{"KWD":{"name":"Kuwaiti dinar","symbol":"د.ك"}},"capital":["Kuwait City"],"region":"Asia"},{"name":{"common":"Philippines","official":"Republic of the Philippines","nativeName":{"eng":{"official":"Republic of the Philippines","common":"Philippines"},"fil":{"official":"Republic of the Philippines","common":"Pilipinas"}}},"cca3":"PHL","currencies":{"PHP":{"name":"Philippine peso","symbol":"₱"}},"capital":["Manila"],"region":"Asia"},{"name":{"common":"Guyana","official":"Co-operative Republic of Guyana","nativeName":{"eng":{"official":"Co-operative Republic of Guyana","common":"Guyana"}}},"cca3":"GUY","currencies":{"GYD":{"name":"Guyanese dollar","symbol":"$"}},"capital":["Georgetown"],"region":"Americas"},{"name":{"common":"Hungary","official":"Hungary","nativeName":{"hun":{"official":"Magyarország","common":"Magyarország"}}},"cca3":"HUN","currencies":{"HUF":{"name":"Hungarian forint","symbol":"Ft"}},"capital":["Budapest"],"region":"Europe"},{"name":{"common":"Mexico","official":"United Mexican States","nativeName":{"spa":{"official":"Estados Unidos Mexicanos","common":"México"}}},"cca3":"MEX","currencies":{"MXN":{"name":"Mexican peso","symbol":"$"}},"capital":["Mexico City"],"region":"Americas"},{"name":{"common":"North Korea","official":"Democratic People's Republic of Korea","nativeName":{"kor":{"official":"조선민주주의인민공화국","common":"조선"}}},"cca3":"PRK","currencies":{"KPW":{"name":"North Korean won","symbol":"₩"}},"capital":["Pyongyang"],"region":"Asia"},{"name":{"common":"Romania","official":"Romania","nativeName":{"ron":{"official":"România","common":"România"}}},"cca3":"ROU","currencies":{"RON":{"name":"Romanian leu","symbol":"lei"}},"capital":["Bucharest"],"region":"Europe"},{"name":{"common":"Suriname","official":"Republic of Suriname","nativeName":{"nld":{"official":"Republiek Suriname","common":"Suriname"}}},"cca3":"SUR","currencies":{"SRD":{"name":"Surinamese dollar","symbol":"$"}},"capital":["Paramaribo"],"region":"Americas"},{"name":{"common":"American Samoa","official":"American Samoa","nativeName":{"eng":{"official":"American Samoa","common":"American Samoa"},"smo":{"official":"Sāmoa Amelika","common":"Sāmoa Amelika"}}},"cca3":"ASM","currencies":{"USD":{"name":"United States dollar","symbol":"$"}},"capital":["Pago Pago"],"region":"Oceania"},{"name":{"common":"Nepal","official":"Federal Democratic Republic of Nepal","nativeName":{"nep":{"official":"नेपाल संघीय लोकतान्त्रिक गणतन्त्र","common":"नेपाल"}}},"cca3":"NPL","currencies":{"NPR":{"name":"Nepalese rupee","symbol":"₨"}},"capital":["Kathmandu"],"region":"Asia"},{"name":{"common":"Chad","official":"Republic of Chad","nativeName":{"ara":{"official":"جمهورية تشاد","common":"تشاد‎"},"fra":{"official":"République du Tchad","common":"Tchad"}}},"cca3":"TCD","currencies":{"XAF":{"name":"Central African CFA franc","symbol":"Fr"}},"capital":["N'Djamena"],"region":"Africa"},{"name":{"common":"Serbia","official":"Republic of Serbia","nativeName":{"srp":{"official":"Република Србија","common":"Србија"}}},"cca3":"SRB","currencies":{"RSD":{"name":"Serbian dinar","symbol":"дин."}},"capital":["Belgrade"],"region":"Europe"},{"name":{"common":"Cambodia","official":"Kingdom of Cambodia","nativeName":{"khm":{"official":"ព្រះរាជាណាចក្រកម្ពុជា","common":"Kâmpŭchéa"}}},"cca3":"KHM","currencies":{"KHR":{"name":"Cambodian riel","symbol":"៛"},"USD":{"name":"United States dollar","symbol":"$"}},"capital":["Phnom Penh"],"region":"Asia"},{"name":{"common":"Malaysia","official":"Malaysia","nativeName":{"eng":{"official":"Malaysia","common":"Malaysia"},"msa":{"official":"مليسيا","common":"مليسيا"}}},"cca3":"MYS","currencies":{"MYR":{"name":"Malaysian ringgit","symbol":"RM"}},"capital":["Kuala Lumpur"],"region":"Asia"},{"name":{"common":"Cyprus","official":"Republic of Cyprus","nativeName":{"ell":{"official":"Δημοκρατία της Κύπρος","common":"Κύπρος"},"tur":{"official":"Kıbrıs Cumhuriyeti","common":"Kıbrıs"}}},"cca3":"CYP","currencies":{"EUR":{"name":"Euro","symbol":"€"}},"capital":["Nicosia"],"region":"Europe"}]